"DESCRIPTION","DURATION IN MS","NAME","PARENT SUITE","START TIME","STATUS","STOP TIME","SUB SUITE","SUITE","TEST CLASS","TEST METHOD"
"","828","xmlFromZipTest()","","2026-06-06","passed","2026-06-06","","filePractice.TestMethods","filePractice.TestMethods","xmlFromZipTest"
"","0","Проверка поиска по объявлениям Авито c запросом {0}","","2026-06-06","skipped","2026-06-06","","ru.avito.tests.AvitoTest","ru.avito.tests.AvitoTest","avitoProductSearchTest"
"","48","csvFromZipTest()","","2026-06-06","passed","2026-06-06","","filePractice.TestMethods","filePractice.TestMethods","csvFromZipTest"
"","0","Заполнение обязательных параметров сложной формы","","2026-06-06","skipped","2026-06-06","","com.demoqa.tests.FillFormTest","com.demoqa.tests.FillFormTest","requiredParamFillFormTest"
"","0","Проверка заголовков подкатегории {0}","","2026-06-06","skipped","2026-06-06","","ru.avito.tests.AvitoTest","ru.avito.tests.AvitoTest","categoryHeaderTest"
"","372","jaksonFromModelTest()","","2026-06-06","passed","2026-06-06","","filePractice.TestMethods","filePractice.TestMethods","jaksonFromModelTest"
"","9","jaksonFromFileTest()","","2026-06-06","passed","2026-06-06","","filePractice.TestMethods","filePractice.TestMethods","jaksonFromFileTest"
"","0","Проверка валидации параметра 'email' простой формы","","2026-06-06","skipped","2026-06-06","","com.demoqa.tests.SimpleFormTest","com.demoqa.tests.SimpleFormTest","withWrongEmailSimpleTest"
"","0","Проверка валидации параметра 'Имя' сложной формы","","2026-06-06","skipped","2026-06-06","","com.demoqa.tests.NegativeFillFormTest","com.demoqa.tests.NegativeFillFormTest","withoutFirstNameTest"
"","0","Проверка поиска по объявлениям Авито с запросом {0} по городу {1}","","2026-06-06","skipped","2026-06-06","","ru.avito.tests.AvitoTest","ru.avito.tests.AvitoTest","avitoProductSearchByTownTest"
"","0","Проверка валидации параметра 'Номер телефон' сложной формы","","2026-06-06","skipped","2026-06-06","","com.demoqa.tests.NegativeFillFormTest","com.demoqa.tests.NegativeFillFormTest","withoutPhoneNumberTest"
"","0","Проверка валидации параметра 'Фамилия' сложной формы","","2026-06-06","skipped","2026-06-06","","com.demoqa.tests.NegativeFillFormTest","com.demoqa.tests.NegativeFillFormTest","withoutSecondNameTest"
"","4357","pdfFromZipTest()","","2026-06-06","passed","2026-06-06","","filePractice.TestMethods","filePractice.TestMethods","pdfFromZipTest"
"","1","Заполнение всех параметров сложной формы","","2026-06-06","skipped","2026-06-06","","com.demoqa.tests.FillFormTest","com.demoqa.tests.FillFormTest","fillAllParamFormTest"
"","0","Заполнение всех параметров простой формы","","2026-06-06","skipped","2026-06-06","","com.demoqa.tests.SimpleFormTest","com.demoqa.tests.SimpleFormTest","fillAllParamSimpleFormTest"
